mean,min,max,num_threads,num_requests,sleep
41.52752893752165,34.92074599989792,44.59945000007792,1,32,0.05
38.143202062492776,30.36542500012729,80.26778500016007,2,64,0.05
74.7300835781246,41.71347400006198,135.23854499999288,4,64,0.05
197.1442417265648,44.21260100002655,274.7342299999218,8,256,0.05
440.7783331396513,76.37172099998679,617.6333340001747,16,1024,0.05
