mean,min,max,num_threads,num_requests,sleep
149.04151596876147,136.39652499978183,210.21599899995635,1,32,0.05
169.55124140626765,155.6134399997973,181.6867400002593,2,64,0.05
216.2936378437159,191.91026999988023,234.8726509999324,4,128,0.05
288.1564858593864,115.16790600035164,521.0801860002903,8,512,0.05
446.0646462958948,119.6348879998368,823.459252000248,16,1024,0.05
652.7123611064409,131.48220299990498,1340.0381159999597,32,2048,0.05
