mean,min,max,num_threads,num_requests,sleep
41.04248453127468,39.358915999855526,46.46733399977165,1,32,0.05
33.94473693752076,29.13386499994885,82.55168599998797,2,64,0.05
64.1687521796932,33.06126699999368,140.97974600008456,4,128,0.05
168.8243435917851,45.55680499970549,241.1747999999534,8,512,0.05
378.73990476954015,46.09116400024504,567.6987290003126,16,1024,0.05
798.7352301411099,54.978586999823165,876.053340999988,32,2048,0.05
