mean,min,max,num_threads,num_requests,sleep
152.59463943752394,133.06405000002997,163.89599300055124,1,32,0.05
152.72954468754563,136.72939899970515,170.45655299989448,2,64,0.05
153.31906338279566,118.67975999939516,203.8805230004073,4,128,0.05
333.04376356055525,51.55819299943687,449.6120280000469,8,512,0.05
424.02508333984997,57.17736899987358,615.3538709995701,16,1024,0.05
